TRUNCATE TABLE appointments CASCADE;
TRUNCATE TABLE doctors CASCADE;
TRUNCATE TABLE patients CASCADE;
TRUNCATE TABLE users CASCADE;

INSERT INTO users (id, keycloak_id, email, first_name, last_name, role, is_active) VALUES 
('a0000000-0000-0000-0000-000000000001', 'admin-001', 'admin@hospital.bo', 'Carlos', 'Administrador', 'ADMIN', true),
('a0000000-0000-0000-0000-000000000002', 'medico-001', 'dr.garcia@hospital.bo', 'Roberto', 'García Pérez', 'MEDICO', true),
('a0000000-0000-0000-0000-000000000003', 'medico-002', 'dra.martinez@hospital.bo', 'Ana', 'Martínez López', 'MEDICO', true),
('a0000000-0000-0000-0000-000000000004', 'medico-003', 'dr.rodriguez@hospital.bo', 'Luis', 'Rodríguez Mamani', 'MEDICO', true),
('a0000000-0000-0000-0000-000000000005', 'medico-004', 'dra.flores@hospital.bo', 'María', 'Flores Quispe', 'MEDICO', true),
('a0000000-0000-0000-0000-000000000006', 'medico-005', 'dr.mendoza@hospital.bo', 'Jorge', 'Mendoza Condori', 'MEDICO', true),
('a0000000-0000-0000-0000-000000000007', 'paciente-001', 'juan.perez@email.com', 'Juan', 'Pérez Silva', 'PACIENTE', true),
('a0000000-0000-0000-0000-000000000008', 'paciente-002', 'maria.lopez@email.com', 'María', 'López Gutiérrez', 'PACIENTE', true),
('a0000000-0000-0000-0000-000000000009', 'paciente-003', 'pedro.gomez@email.com', 'Pedro', 'Gómez Choque', 'PACIENTE', true),
('a0000000-0000-0000-0000-000000000010', 'paciente-004', 'sofia.rios@email.com', 'Sofía', 'Ríos Mamani', 'PACIENTE', true);

INSERT INTO doctors (id, user_id, specialty, license_number, phone, consultation_fee, biography, years_experience) VALUES 
('b0000000-0000-0000-0000-000000000001', 'a0000000-0000-0000-0000-000000000002', 'Cardiología', 'LIC-CARD-001', '+591 70012345', 250.00, 'Especialista en enfermedades cardiovasculares con 15 años de experiencia.', 15),
('b0000000-0000-0000-0000-000000000002', 'a0000000-0000-0000-0000-000000000003', 'Pediatría', 'LIC-PEDI-002', '+591 70023456', 200.00, 'Especialista en salud infantil.', 12),
('b0000000-0000-0000-0000-000000000003', 'a0000000-0000-0000-0000-000000000004', 'Traumatología', 'LIC-TRAU-003', '+591 70034567', 300.00, 'Cirujano ortopédico.', 18),
('b0000000-0000-0000-0000-000000000004', 'a0000000-0000-0000-0000-000000000005', 'Neurología', 'LIC-NEUR-004', '+591 70045678', 280.00, 'Neuróloga especializada.', 10),
('b0000000-0000-0000-0000-000000000005', 'a0000000-0000-0000-0000-000000000006', 'Dermatología', 'LIC-DERM-005', '+591 70056789', 220.00, 'Dermatólogo.', 8);

INSERT INTO patients (id, nombre, ci, edad, genero, tipoSangre, telefono, email, direccion, alergias, medicamentos, condiciones) VALUES 
('c0000000-0000-0000-0000-000000000001', 'Juan Pérez Silva', 'LP-1234567', 45, 'Masculino', 'O+', '+591 71234567', 'juan.p@email.com', 'Av. 6 de Agosto #1234', 'Penicilina', 'Losartán 50mg', 'Hipertensión'),
('c0000000-0000-0000-0000-000000000002', 'María López Gutiérrez', 'LP-2345678', 32, 'Femenino', 'A+', '+591 72345678', 'maria.l@email.com', 'Calle Comercio #567', NULL, NULL, NULL),
('c0000000-0000-0000-0000-000000000003', 'Pedro Gómez Choque', 'LP-3456789', 58, 'Masculino', 'B+', '+591 73456789', 'pedro.g@email.com', 'Zona Sur #890', 'Aspirina', 'Metformina', 'Diabetes tipo 2'),
('c0000000-0000-0000-0000-000000000004', 'Sofía Ríos Mamani', 'LP-4567890', 28, 'Femenino', 'AB+', '+591 74567890', 'sofia.r@email.com', 'Av. Arce #2345', 'Polen', NULL, 'Rinitis alérgica'),
('c0000000-0000-0000-0000-000000000005', 'Carlos Mamani', 'LP-5678901', 65, 'Masculino', 'O-', '+591 75678901', 'carlos.m@email.com', 'Villa Fátima #456', NULL, 'Levotiroxina', 'Hipotiroidismo'),
('c0000000-0000-0000-0000-000000000006', 'Ana Condori López', 'LP-6789012', 42, 'Femenino', 'A-', '+591 76789012', 'ana.c@email.com', 'Sopocachi #789', NULL, NULL, NULL),
('c0000000-0000-0000-0000-000000000007', 'Diego Flores', 'LP-7890123', 15, 'Masculino', 'B-', '+591 77890123', 'diego.f@email.com', 'Av. Camacho #345', 'Frutos secos', NULL, 'Asma leve'),
('c0000000-0000-0000-0000-000000000008', 'Isabel Morales', 'LP-8901234', 70, 'Femenino', 'O+', '+591 78901234', 'isabel.m@email.com', 'Miraflores #678', NULL, 'Aspirina', 'Osteoporosis'),
('c0000000-0000-0000-0000-000000000009', 'Roberto Chávez', 'LP-9012345', 38, 'Masculino', 'AB-', '+591 79012345', 'roberto.ch@email.com', 'San Pedro #901', NULL, NULL, NULL),
('c0000000-0000-0000-0000-000000000010', 'Lucia Huanca', 'LP-0123456', 52, 'Femenino', 'A+', '+591 70123456', 'lucia.h@email.com', 'El Alto #234', 'AINEs', 'Paracetamol', 'Migraña');

INSERT INTO appointments (id, patient_id, doctor_id, appointment_date, appointment_time, status, reason, notes) VALUES 
('d0000000-0000-0000-0000-000000000001', 'c0000000-0000-0000-0000-000000000001', 'b0000000-0000-0000-0000-000000000001', '2026-01-15', '09:00', 'COMPLETADA', 'Control presión', 'Estable'),
('d0000000-0000-0000-0000-000000000002', 'c0000000-0000-0000-0000-000000000003', 'b0000000-0000-0000-0000-000000000001', '2026-01-16', '10:00', 'COMPLETADA', 'Post-operatorio', 'Alta'),
('d0000000-0000-0000-0000-000000000003', 'c0000000-0000-0000-0000-000000000007', 'b0000000-0000-0000-0000-000000000002', '2026-01-17', '11:00', 'COMPLETADA', 'Control pediátrico', 'OK'),
('d0000000-0000-0000-0000-000000000004', 'c0000000-0000-0000-0000-000000000002', 'b0000000-0000-0000-0000-000000000002', '2026-01-18', '14:00', 'NO_ASISTIO', 'Control', NULL),
('d0000000-0000-0000-0000-000000000005', 'c0000000-0000-0000-0000-000000000008', 'b0000000-0000-0000-0000-000000000003', '2026-01-19', '15:00', 'COMPLETADA', 'Dolor rodilla', 'Artrosis'),
('d0000000-0000-0000-0000-000000000006', 'c0000000-0000-0000-0000-000000000004', 'b0000000-0000-0000-0000-000000000005', CURRENT_DATE, '09:00', 'CONFIRMADA', 'Dermatología', NULL),
('d0000000-0000-0000-0000-000000000007', 'c0000000-0000-0000-0000-000000000005', 'b0000000-0000-0000-0000-000000000001', CURRENT_DATE, '10:30', 'CONFIRMADA', 'Cardiología', NULL),
('d0000000-0000-0000-0000-000000000008', 'c0000000-0000-0000-0000-000000000006', 'b0000000-0000-0000-0000-000000000004', CURRENT_DATE, '11:00', 'EN_CURSO', 'Dolor cabeza', NULL),
('d0000000-0000-0000-0000-000000000009', 'c0000000-0000-0000-0000-000000000009', 'b0000000-0000-0000-0000-000000000003', CURRENT_DATE, '14:00', 'PENDIENTE', 'Lumbar', NULL),
('d0000000-0000-0000-0000-000000000010', 'c0000000-0000-0000-0000-000000000010', 'b0000000-0000-0000-0000-000000000004', CURRENT_DATE, '16:00', 'CONFIRMADA', 'Migraña', NULL),
('d0000000-0000-0000-0000-000000000011', 'c0000000-0000-0000-0000-000000000001', 'b0000000-0000-0000-0000-000000000001', CURRENT_DATE + 1, '09:00', 'CONFIRMADA', 'Control', NULL),
('d0000000-0000-0000-0000-000000000012', 'c0000000-0000-0000-0000-000000000002', 'b0000000-0000-0000-0000-000000000002', CURRENT_DATE + 1, '10:00', 'PENDIENTE', 'Vacunación', NULL),
('d0000000-0000-0000-0000-000000000013', 'c0000000-0000-0000-0000-000000000003', 'b0000000-0000-0000-0000-000000000001', CURRENT_DATE + 2, '11:00', 'CONFIRMADA', 'ECG', NULL),
('d0000000-0000-0000-0000-000000000014', 'c0000000-0000-0000-0000-000000000004', 'b0000000-0000-0000-0000-000000000005', CURRENT_DATE + 3, '09:30', 'PENDIENTE', 'Lunares', NULL),
('d0000000-0000-0000-0000-000000000015', 'c0000000-0000-0000-0000-000000000005', 'b0000000-0000-0000-0000-000000000003', CURRENT_DATE + 3, '14:00', 'CONFIRMADA', 'Espalda', NULL),
('d0000000-0000-0000-0000-000000000016', 'c0000000-0000-0000-0000-000000000006', 'b0000000-0000-0000-0000-000000000002', CURRENT_DATE + 5, '10:00', 'PENDIENTE', 'Chequeo', NULL),
('d0000000-0000-0000-0000-000000000017', 'c0000000-0000-0000-0000-000000000007', 'b0000000-0000-0000-0000-000000000002', CURRENT_DATE + 7, '11:00', 'CONFIRMADA', 'Control', NULL),
('d0000000-0000-0000-0000-000000000018', 'c0000000-0000-0000-0000-000000000008', 'b0000000-0000-0000-0000-000000000003', CURRENT_DATE + 10, '15:00', 'PENDIENTE', 'Fisioterapia', NULL),
('d0000000-0000-0000-0000-000000000019', 'c0000000-0000-0000-0000-000000000009', 'b0000000-0000-0000-0000-000000000004', CURRENT_DATE + 14, '09:00', 'CONFIRMADA', 'Neurología', NULL),
('d0000000-0000-0000-0000-000000000020', 'c0000000-0000-0000-0000-000000000010', 'b0000000-0000-0000-0000-000000000005', CURRENT_DATE + 21, '16:00', 'PENDIENTE', 'Piel', NULL);